﻿ELO WITH TOP QB,Column1,team,nickname,DIVISION,Sim Wins,Sim Losses,Actual Wins,RECORD,POINT DIFF.,MAKE PLAYOFFS,WIN DIVISION,1ST-ROUND BYE,WIN SUPER BOWL
1544,,SF,49ers,NFC West,10,7,10,7-Oct,47.2,0.59,0.29,0.09,0.04
1456,,CHI,Bears,NFC North,7,10,6,10-Jul,-49.3,0.26,0.13,0.02,0.008
1431,,CIN,Bengals,AFC North,7,10,10,10-Jul,-59.9,0.2,0.07,0.01,0.005
1617,,BUF,Bills,AFC East,11,6,11,6-Nov,99.5,0.78,0.55,0.18,0.09
1504,,DEN,Broncos,AFC West,9,8,7,8-Sep,11.7,0.43,0.17,0.04,0.02
1566,,CLV,Browns,AFC North,10,7,8,7-Oct,56.8,0.62,0.35,0.09,0.05
1643,,TB,Buccaneers,NFC South,12,5,13,5-Dec,113.3,0.83,0.62,0.26,0.13
1489,,ARZ,Cardinals,NFC West,8,9,11,9-Aug,-11.6,0.36,0.13,0.03,0.01
1523,,LAC,Chargers,AFC West,9,8,9,8-Sep,21.7,0.48,0.2,0.05,0.03
1642,,KC,Chiefs,AFC West,11,6,12,6-Nov,102.8,0.78,0.55,0.22,0.12
1506,,IND,Colts,AFC South,9,8,9,8-Sep,16.2,0.51,0.36,0.04,0.02
1524,,DAL,Cowboys,NFC East,9,8,12,8-Sep,16.6,0.53,0.38,0.05,0.03
1516,,MIA,Dolphins,AFC East,9,8,9,8-Sep,24.8,0.49,0.22,0.05,0.02
1425,,PHI,Eagles,NFC East,7,10,9,10-Jul,-60.1,0.24,0.15,0.01,0.005
1463,,ATL,Falcons,NFC South,8,9,7,9-Aug,-32.1,0.29,0.1,0.02,0.008
1443,,NYG,Giants,NFC East,7,10,4,10-Jul,-53.8,0.26,0.16,0.01,0.007
1379,,JAX,Jaguars,AFC South,6,11,3,11-Jun,-78.5,0.17,0.1,0.007,0.002
1390,,NYJ,Jets,AFC East,6,11,4,11-Jun,-74.7,0.16,0.05,0.007,0.002
1368,,DET,Lions,NFC North,5,12,3,12-May,-115,0.09,0.04,0.003,0.001
1602,,GB,Packers,NFC North,11,6,13,6-Nov,71.6,0.73,0.57,0.14,0.08
1441,,CAR,Panthers,NFC South,7,10,5,10-Jul,-45,0.25,0.08,0.02,0.007
1505,,NE,Patriots,AFC East,9,8,10,8-Sep,8.3,0.43,0.19,0.04,0.02
1457,,LV,Raiders,AFC West,7,10,10,10-Jul,-45.6,0.24,0.08,0.01,0.007
1570,,LA,Rams,NFC West,10,7,12,7-Oct,53.2,0.62,0.31,0.11,0.06
1593,,BLT,Ravens,AFC North,10,7,8,7-Oct,66.9,0.66,0.42,0.12,0.07
1537,,NO,Saints,NFC South,9,8,9,8-Sep,13.8,0.48,0.2,0.06,0.03
1553,,SEA,Seahawks,NFC West,10,7,7,7-Oct,40.4,0.57,0.27,0.08,0.04
1511,,PIT,Steelers,AFC North,8,9,9,9-Aug,-8.9,0.37,0.16,0.03,0.02
1255,,HST,Texans,AFC South,4,13,4,13-Apr,-173.6,0.03,0.01,<0.1%,<0.1%
1541,,TEN,Titans,AFC South,10,7,12,7-Oct,47.5,0.65,0.52,0.09,0.04
1511,,MIN,Vikings,NFC North,9,8,8,8-Sep,0.8,0.45,0.26,0.05,0.02
1514,,WAS,Washington,NFC East,9,8,7,9-Aug,-5,0.45,0.31,0.04,0.02
Forecast from,,,,,,,,,,,,,
,,,,,,,,,,,,,
