﻿franchise,Super Bowl Odds,W/L O-U,ignore,ignore.1,SB_Odds_per,team,Point Spread Rating Points,Point Spread Rating QB,Strength of Schedule To Date
Arizona Cardinals,3500,8.5,35,0.028571429,2.86%,ARZ,1.1,5.5,7
Atlanta Falcons,8000,7.5,80,0.0125,1.25%,ATL,-3.3,5.5,30
Baltimore Ravens,1400,10.5,14,0.071428571,7.14%,BLT,-0.9,6,3
Buffalo Bills,1100,11.5,11,0.090909091,9.09%,BUF,6,7,26
Carolina Panthers,8000,7.5,80,0.0125,1.25%,CAR,-5.4,0.5,22
Chicago Bears,6600,7.5,66,0.015151515,1.52%,CHI,-1.6,2,11
Cincinnati Bengals,15000,6.5,150,0.006666667,0.67%,CIN,3.8,6.5,21
Cleveland Browns,1600,10.5,16,0.0625,6.25%,CLV,0.8,3,19
Dallas Cowboys,3000,9,30,0.033333333,3.33%,DAL,3.3,6,24
Denver Broncos,5000,9,50,0.02,2.00%,DEN,-2.9,2.5,31
Detroit Lions,25000,4.5,250,0.004,0.40%,DET,-9.7,1.5,2
Green Bay Packers,1400,10.5,14,0.071428571,7.14%,GB,6.7,7.5,17
Houston Texans,30000,4,300,0.003333333,0.33%,HST,-7.4,1,20
Indianapolis Colts,3500,9,35,0.028571429,2.86%,IND,3.2,2,28
Jacksonville Jaguars,12500,6.5,125,0.008,0.80%,JAX,-9.8,2,12
Kansas City Chiefs,450,12.5,4.5,0.222222222,22.22%,KC,8.8,7.5,9
Las Vegas Raiders,8000,7.5,80,0.0125,1.25%,LA,7.2,6,15
Los Angeles Chargers,3000,9.5,30,0.033333333,3.33%,LAC,-0.7,6.5,16
Los Angeles Rams,1200,10.5,12,0.083333333,8.33%,LV,0.3,5.5,5
Miami Dolphins,4000,9,40,0.025,2.50%,MIA,0.3,2.5,32
Minnesota Vikings,4000,9,40,0.025,2.50%,MIN,-1,5.5,13
New England Patriots,3000,9.5,30,0.033333333,3.33%,NE,2.8,2.5,27
New Orleans Saints,4000,9,40,0.025,2.50%,NO,1.2,2.5,18
New York Giants,8000,7,80,0.0125,1.25%,NYG,-6.1,1.5,6
New York Jets,15000,6,150,0.006666667,0.67%,NYJ,-8.3,1.5,14
Philadelphia Eagles,10000,6.5,100,0.01,1.00%,PHI,1.2,2,29
Pittsburgh Steelers,5000,8.5,50,0.02,2.00%,PIT,0.1,2,1
San Francisco 49ers,1400,10.5,14,0.071428571,7.14%,SEA,-1.3,6,10
Seattle Seahawks,2500,9.5,25,0.04,4.00%,SF,5.6,2.5,4
Tampa Bay Buccaneers,700,12,7,0.142857143,14.29%,TB,5.9,7.5,23
Tennessee Titans,2000,9.5,20,0.05,5.00%,TEN,3.1,5.5,25
Washington Football Team,4000,8.5,40,0.025,2.50%,WAS,-2.9,0.5,8
